baseline_scenario,avoided_emissions_mtco2,avoided_emissions_gtco2
coal,2187388.962864,2187.388962864
regional,1791672.655482,1791.672655482
mixed_fossil,1740706.810794,1740.7068107940001
natural_gas,1294024.658724,1294.024658724
