Region,total_capacity_mw,annual_generation_twh,unit_count,capacity_factor,total_capacity_gw
Asia,644704.0,4853.075478,644,0.860248447204969,644.704
Europe,441034.0,3352.627638,578,0.8644463667820069,441.034
Americas,370451.3,2812.0200498,481,0.8624740124740126,370.4513
Africa,39964.0,298.421664,46,0.8521739130434781,39.964
